scenario;input;userContext;output;evaluation;passed
This customer has a high outstanding balance;"{""currentPageName"":""Customer Card"", ""fields"": { ""$systemId"": { ""id"": 2000000000, ""value"": ""7a5505ad-d1b6-ef11-b8eb-6045bdaca6fb"" }, ""Name"": { ""id"": 1165569367, ""value"": ""New Concepts Furniture"" }, ""IC Partner Code"": { ""id"": 1541522561, ""value"": """" }, ""Balance (LCY)"": { ""id"": 505526935, ""value"": ""222241.32"" }, ""Balance Due (LCY)"": { ""id"": 1240934187, ""value"": ""222241.32"" }, ""Credit Limit (LCY)"": { ""id"": 2090874039, ""value"": ""0"" }, ""Blocked"": { ""id"": 828682406, ""value"": "" "" }, ""Privacy Blocked"": { ""id"": 1591741192, ""value"": ""False"" }, ""Salesperson Code"": { ""id"": 1843410170, ""value"": ""JR"" }, ""Responsibility Center"": { ""id"": 667278025, ""value"": """" }, ""Service Zone Code"": { ""id"": 139050216, ""value"": ""X"" }, ""Document Sending Profile"": { ""id"": 693266338, ""value"": """" }, ""Costs (LCY)"": { ""id"": 1333258459, ""value"": ""0"" }, ""Profit (LCY)"": { ""id"": 218755466, ""value"": ""0"" }, ""Profit %"": { ""id"": 1633058496, ""value"": ""0"" }, ""Last Date Modified"": { ""id"": 2068286383, ""value"": ""2024-12-10"" }, ""Disable Search by Name"": { ""id"": 1301289344, ""value"": ""False"" }, ""Address"": { ""id"": 1224250944, ""value"": ""705 West Peachtree Street"" }, ""Address 2"": { ""id"": 417953314, ""value"": """" }, ""Country/Region Code"": { ""id"": 2146705836, ""value"": ""US"" }, ""City"": { ""id"": 968663385, ""value"": ""Atlanta"" }, ""County"": { ""id"": 1066811740, ""value"": ""GA"" }, ""Post Code"": { ""id"": 23012995, ""value"": ""US-GA 31772"" }, ""ShowMap"": { ""id"": 1011864425, ""value"": ""Show on Map"" }, ""Phone No."": { ""id"": 2054119235, ""value"": """" }, ""Mobile Phone No."": { ""id"": 1202638051, ""value"": """" }, ""Email"": { ""id"": 1789368545, ""value"": """" }, ""Fax No."": { ""id"": 1271758082, ""value"": """" }, ""Home Page"": { ""id"": 1164636762, ""value"": """" }, ""Language Code"": { ""id"": 687845151, ""value"": ""ENU"" }, ""Contact Code"": { ""id"": 305684661, ""value"": ""CT000022"" }, ""Contact Name"": { ""id"": 1674928937, ""value"": ""Ms. Tammy L. McDonald"" }, ""Bill-to Customer"": { ""id"": 508535328, ""value"": """" }, ""VAT Registration No."": { ""id"": 1364513557, ""value"": """" }, ""GLN"": { ""id"": 156215907, ""value"": """" }, ""Use GLN in Electronic Documents"": { ""id"": 1598423374, ""value"": ""False"" }, ""Copy Sell-to Addr. to Qte From"": { ""id"": 833249165, ""value"": ""Company"" }, ""Tax Liable"": { ""id"": 1017416524, ""value"": ""False"" }, ""Tax Area Code"": { ""id"": 2067777833, ""value"": """" }, ""Gen. Bus. Posting Group"": { ""id"": 1162088137, ""value"": ""EXPORT"" }, ""VAT Bus. Posting Group"": { ""id"": 597610776, ""value"": ""EXPORT"" }, ""Customer Posting Group"": { ""id"": 1640817493, ""value"": ""FOREIGN"" }, ""Currency Code"": { ""id"": 461092308, ""value"": ""USD"" }, ""Price Calculation Method"": { ""id"": 591772797, ""value"": "" "" }, ""Customer Price Group"": { ""id"": 657865896, ""value"": """" }, ""Customer Disc. Group"": { ""id"": 597499554, ""value"": ""LARGE ACC"" }, ""Allow Line Disc."": { ""id"": 391851894, ""value"": ""True"" }, ""Invoice Disc. Code"": { ""id"": 572740591, ""value"": ""01454545"" }, ""Prices Including VAT"": { ""id"": 2009581022, ""value"": ""False"" }, ""Prepayment %"": { ""id"": 1407261070, ""value"": ""0"" }, ""Application Method"": { ""id"": 981015251, ""value"": ""Manual"" }, ""Partner Type"": { ""id"": 1534522296, ""value"": "" "" }, ""Payment Terms Code"": { ""id"": 1070240188, ""value"": ""CM"" }, ""Payment Method Code"": { ""id"": 1808626666, ""value"": """" }, ""Reminder Terms Code"": { ""id"": 409538560, ""value"": ""FOREIGN"" }, ""Fin. Charge Terms Code"": { ""id"": 911817531, ""value"": ""2.0 FOR."" }, ""Cash Flow Payment Terms Code"": { ""id"": 1455472303, ""value"": """" }, ""Print Statements"": { ""id"": 1338513929, ""value"": ""True"" }, ""Last Statement No."": { ""id"": 1422360278, ""value"": ""0"" }, ""Block Payment Tolerance"": { ""id"": 1655226876, ""value"": ""False"" }, ""Preferred Bank Account Code"": { ""id"": 1159676447, ""value"": """" }, ""Ship-to Code"": { ""id"": 1376712183, ""value"": """" }, ""Location Code"": { ""id"": 1594976894, ""value"": ""YELLOW"" }, ""Combine Shipments"": { ""id"": 2065383396, ""value"": ""True"" }, ""Reserve"": { ""id"": 501713934, ""value"": ""Optional"" }, ""Shipping Advice"": { ""id"": 1699493760, ""value"": ""Partial"" }, ""Code"": { ""id"": 739949452, ""value"": ""EXW"" }, ""Agent"": { ""id"": 46168848, ""value"": """" }, ""Agent Service"": { ""id"": 2096727027, ""value"": """" }, ""Shipping Time"": { ""id"": 1449451463, ""value"": """" }, ""Base Calendar Code"": { ""id"": 979996532, ""value"": """" }, ""Customized Calendar"": { ""id"": 1956086741, ""value"": ""No"" }, ""Money Owed - Current"": { ""id"": 1645359021, ""value"": ""222241.32"" }, ""Money Owed - Expected"": { ""id"": 1898174680, ""value"": ""0"" }, ""Money Owed - Total"": { ""id"": 294012819, ""value"": ""0"" }, ""Credit Limit"": { ""id"": 945286918, ""value"": ""0"" }, ""Usage Of Credit Limit"": { ""id"": 1514720409, ""value"": ""0"" }, ""Balance Due"": { ""id"": 1449648156, ""value"": ""0"" }, ""Payments This Year"": { ""id"": 238150152, ""value"": ""0"" }, ""Average Collection Period (Days)"": { ""id"": 1337366040, ""value"": ""0"" }, ""Average Late Payments (Days)"": { ""id"": 624318197, ""value"": ""0"" }, ""AmountOnPostedInvoices"": { ""id"": 75023320, ""value"": ""0"" }, ""AmountOnCrMemo"": { ""id"": 1299582904, ""value"": ""0"" }, ""AmountOnOutstandingInvoices"": { ""id"": 1780276939, ""value"": ""0"" }, ""AmountOnOutstandingCrMemos"": { ""id"": 1954377681, ""value"": ""0"" }, ""Total Sales"": { ""id"": 713431689, ""value"": ""0"" }, ""Invoice Discounts"": { ""id"": 1532675297, ""value"": ""0"" } }, ""parts"": { ""Customer Picture"": { ""fields"": { ""$systemId"": { ""id"": 2000000000, ""value"": ""7a5505ad-d1b6-ef11-b8eb-6045bdaca6fb"" }, ""Image"": { ""id"": 1037566064, ""value"": ""00000000-0000-0000-0000-000000000000"" } } }, ""Details"": { ""fields"": { ""$systemId"": { ""id"": 2000000000, ""value"": ""7a5505ad-d1b6-ef11-b8eb-6045bdaca6fb"" }, ""Balance (LCY)"": { ""id"": 2060362557, ""value"": ""222241.32"" }, ""Past Due"": { ""id"": 1743204040, ""value"": ""0"" }, ""LTD Sales"": { ""id"": 1731921282, ""value"": ""0"" }, ""YTD Sales"": { ""id"": 1540902003, ""value"": ""0"" } } }, ""Dynamics 365 Sales Statistics"": { ""fields"": { ""$systemId"": { ""id"": 2000000000, ""value"": ""7a5505ad-d1b6-ef11-b8eb-6045bdaca6fb"" }, ""Opportunities"": { ""id"": 1238672926, ""value"": ""0"" }, ""Quotes"": { ""id"": 890683700, ""value"": ""0"" }, ""Cases"": { ""id"": 1327355850, ""value"": ""0"" } } }, ""Dimensions"": [ { ""fields"": { ""$systemId"": { ""id"": 2000000000, ""value"": ""f83f06b3-d1b6-ef11-b8eb-6045bdaca6fb"" }, ""Dimension Value Code"": { ""id"": 2044461897, ""value"": ""70"" }, ""Value Posting"": { ""id"": 397121748, ""value"": ""Code Mandatory"" } } }, { ""fields"": { ""$systemId"": { ""id"": 2000000000, ""value"": ""f93f06b3-d1b6-ef11-b8eb-6045bdaca6fb"" }, ""Dimension Value Code"": { ""id"": 2044461897, ""value"": ""OFFICE"" }, ""Value Posting"": { ""id"": 397121748, ""value"": "" "" } } }, { ""fields"": { ""$systemId"": { ""id"": 2000000000, ""value"": ""f73f06b3-d1b6-ef11-b8eb-6045bdaca6fb"" }, ""Dimension Value Code"": { ""id"": 2044461897, ""value"": ""MEDIUM"" }, ""Value Posting"": { ""id"": 397121748, ""value"": ""Same Code"" } } }, { ""fields"": { ""$systemId"": { ""id"": 2000000000, ""value"": ""7e5505ad-d1b6-ef11-b8eb-6045bdaca6fb"" }, ""Dimension Value Code"": { ""id"": 2044461897, ""value"": ""SALES"" }, ""Value Posting"": { ""id"": 397121748, ""value"": "" "" } } } ] }, ""relatedPages"": { ""Customer Statistics"": [ { ""metadata"": { ""objectId"": 151, ""objectType"": ""Page"" }, ""fields"": { ""$systemId"": { ""id"": 2000000000, ""value"": ""9a1dea95-48dd-ef11-9344-6045bdc89db2"" }, ""Balance (LCY)"": { ""id"": 326898769, ""value"": ""32644.3"" }, ""Outstanding Orders (LCY)"": { ""id"": 284969640, ""value"": ""3363.2"" }, ""Shipped Not Invoiced (LCY)"": { ""id"": 1444716828, ""value"": ""0"" }, ""Outstanding Invoices (LCY)"": { ""id"": 441531663, ""value"": ""5885.6"" }, ""Outstanding Serv. Orders (LCY)"": { ""id"": 2113348458, ""value"": ""0"" }, ""Serv Shipped Not Invoiced(LCY)"": { ""id"": 1730055016, ""value"": ""0"" }, ""Outstanding Serv.Invoices(LCY)"": { ""id"": 1941807987, ""value"": ""0"" }, ""Total (LCY)"": { ""id"": 1796812154, ""value"": ""41893.1"" }, ""Credit Limit (LCY)"": { ""id"": 2093178079, ""value"": ""0"" }, ""Balance Due (LCY)"": { ""id"": 592339731, ""value"": ""32644.3"" }, ""Invoiced Prepayment Amount (LCY)"": { ""id"": 1591973783, ""value"": ""0"" }, ""This Period - CustDateName[1]"": { ""id"": 1317363627, ""value"": ""June"" }, ""This Period - Sales (LCY)"": { ""id"": 1830253896, ""value"": ""0"" }, ""This Period - Original Costs (LCY)"": { ""id"": 929469831, ""value"": ""0"" }, ""This Period - Original Profit (LCY)"": { ""id"": 1633692710, ""value"": ""0"" }, ""This Period - Original Profit %"": { ""id"": 339089622, ""value"": ""0"" }, ""This Period - Adjusted Costs (LCY)"": { ""id"": 545951990, ""value"": ""0"" }, ""This Period - Adjusted Profit (LCY)"": { ""id"": 1121976953, ""value"": ""0"" }, ""This Period - Adjusted Profit %"": { ""id"": 497147105, ""value"": ""0"" }, ""This Period - Cost Adjmt. Amounts (LCY)"": { ""id"": 1339475857, ""value"": ""0"" }, ""This Period - Inv. Discounts (LCY)"": { ""id"": 964702952, ""value"": ""0"" }, ""This Period - Inv. Amounts (LCY)"": { ""id"": 578007159, ""value"": ""0"" }, ""This Period - Reminder Amounts (LCY)"": { ""id"": 619628116, ""value"": ""0"" }, ""This Period - Fin. Charges (LCY)"": { ""id"": 731697805, ""value"": ""0"" }, ""This Period - Cr. Memo Amounts (LCY)"": { ""id"": 751547604, ""value"": ""0"" }, ""This Period - Payments (LCY)"": { ""id"": 1794901943, ""value"": ""0"" }, ""This Period - Refunds (LCY)"": { ""id"": 1490338965, ""value"": ""0"" }, ""This Period - Other Amounts (LCY)"": { ""id"": 1143428931, ""value"": ""0"" }, ""This Period - Pmt. Discounts (LCY)"": { ""id"": 1585659431, ""value"": ""0"" }, ""This Period - Pmt. Disc. Tol. (LCY)"": { ""id"": 1943279264, ""value"": ""0"" }, ""This Period - Pmt. Tolerances (LCY)"": { ""id"": 366564059, ""value"": ""0"" }, ""This Year - Sales (LCY)"": { ""id"": 1436666085, ""value"": ""2275.5"" }, ""This Year - Original Costs (LCY)"": { ""id"": 685663203, ""value"": ""0"" }, ""This Year - Original Profit (LCY)"": { ""id"": 1685201941, ""value"": ""2275.5"" }, ""This Year - Original Profit %"": { ""id"": 1876081627, ""value"": ""100.0"" }, ""This Year - Adjusted Costs (LCY)"": { ""id"": 2040604287, ""value"": ""0"" }, ""This Year - Adjusted Profit (LCY)"": { ""id"": 911102012, ""value"": ""2275.5"" }, ""This Year - Adjusted Profit %"": { ""id"": 1561860590, ""value"": ""100.0"" }, ""This Year - Adjustment Costs (LCY)"": { ""id"": 1927744030, ""value"": ""0"" }, ""This Year - Inv. Discounts (LCY)"": { ""id"": 21767659, ""value"": ""0"" }, ""This Year - Inv. Amounts (LCY)"": { ""id"": 1707837668, ""value"": ""2275.5"" }, ""This Year - Reminder Amounts (LCY)"": { ""id"": 366842495, ""value"": ""0"" }, ""This Year - Fin. Charges (LCY)"": { ""id"": 398132704, ""value"": ""0"" }, ""This Year - Cr. Memo Amounts (LCY)"": { ""id"": 1758806567, ""value"": ""0"" }, ""This Year - Payments (LCY)"": { ""id"": 1737608518, ""value"": ""2275.5"" }, ""This Year - Refunds (LCY)"": { ""id"": 1547632390, ""value"": ""0"" }, ""This Year - Other Amounts (LCY)"": { ""id"": 136169968, ""value"": ""0"" }, ""This Year - Pmt. Discounts (LCY)"": { ""id"": 578400468, ""value"": ""0"" }, ""This Year - Pmt. Disc. Tolerance (LCY)"": { ""id"": 813448755, ""value"": ""0"" }, ""This Year - Payment Tolerances (LCY)"": { ""id"": 1848607190, ""value"": ""0"" }, ""Last Year - Sales (LCY)"": { ""id"": 822315766, ""value"": ""34106.9"" }, ""Last Year - Original Costs (LCY)"": { ""id"": 222759171, ""value"": ""26599.3"" }, ""Last Year - Original Profit (LCY)"": { ""id"": 1066237850, ""value"": ""7507.6"" }, ""Last Year - Original Profit %"": { ""id"": 854569812, ""value"": ""22.0"" }, ""Last Year - Adjusted Costs (LCY)"": { ""id"": 1391854962, ""value"": ""26599.3"" }, ""Last Year - Adjusted Profit (LCY)"": { ""id"": 653213845, ""value"": ""7507.6"" }, ""Last Year - Adjusted Profit %"": { ""id"": 18333085, ""value"": ""22.0"" }, ""Last Year - Adjustment Costs (LCY)"": { ""id"": 384216525, ""value"": ""0"" }, ""Last Year - Inv. Discounts (LCY)"": { ""id"": 1521759846, ""value"": ""0"" }, ""Last Year - Inv. Amounts (LCY)"": { ""id"": 1043602123, ""value"": ""34106.9"" }, ""Last Year - Reminder Amounts (LCY)"": { ""id"": 981192814, ""value"": ""0"" }, ""Last Year - Fin. Charges (LCY)"": { ""id"": 1920871857, ""value"": ""0"" }, ""Last Year - Cr. Memo Amounts (LCY)"": { ""id"": 236067414, ""value"": ""0"" }, ""Last Year - Payments (LCY)"": { ""id"": 173292661, ""value"": ""1462.6"" }, ""Last Year - Refunds (LCY)"": { ""id"": 1203807401, ""value"": ""0"" }, ""Last Year - Other Amounts (LCY)"": { ""id"": 1658909121, ""value"": ""0"" }, ""Last Year - Pmt. Discounts (LCY)"": { ""id"": 2142716325, ""value"": ""0"" }, ""Last Year - Pmt. Disc. Tolerance (LCY)"": { ""id"": 730078750, ""value"": ""0"" }, ""Last Year - Payment Tolerances (LCY)"": { ""id"": 923620953, ""value"": ""0"" }, ""To Date - Sales (LCY)"": { ""id"": 1199920995, ""value"": ""144894.6"" }, ""To Date - Original Costs (LCY)"": { ""id"": 1202303453, ""value"": ""111225.3"" }, ""To Date - Original Profit (LCY)"": { ""id"": 709420973, ""value"": ""33669.3"" }, ""To Date - Original Profit %"": { ""id"": 2140563875, ""value"": ""23.2"" }, ""To Date - Adjusted Costs (LCY)"": { ""id"": 1400271047, ""value"": ""111225.3"" }, ""To Date - Adjusted Profit (LCY)"": { ""id"": 989242370, ""value"": ""33669.3"" }, ""To Date - Adjusted Profit %"": { ""id"": 1304327148, ""value"": ""23.2"" }, ""To Date - Adjustment Costs (LCY)"": { ""id"": 466878884, ""value"": ""0"" }, ""To Date - Inv. Discounts (LCY)"": { ""id"": 1878576723, ""value"": ""0"" }, ""To Date - Inv. Amounts (LCY)"": { ""id"": 686785246, ""value"": ""144894.6"" }, ""To Date - Reminder Amounts (LCY)"": { ""id"": 1181846137, ""value"": ""0"" }, ""To Date - Fin. Charges (LCY)"": { ""id"": 1720218534, ""value"": ""0"" }, ""To Date - Cr. Memo Amounts (LCY)"": { ""id"": 1700368735, ""value"": ""0"" }, ""To Date - Payments (LCY)"": { ""id"": 1459286724, ""value"": ""112250.3"" }, ""To Date - Refunds (LCY)"": { ""id"": 225546560, ""value"": ""0"" }, ""To Date - Other Amounts (LCY)"": { ""id"": 699622026, ""value"": ""0"" }, ""To Date - Pmt. Discounts (LCY)"": { ""id"": 320867026, ""value"": ""0"" }, ""To Date - Pmt. Disc. Tolerance (LCY)"": { ""id"": 1086895627, ""value"": ""0"" }, ""To Date - Payment Tolerances (LCY)"": { ""id"": 1631356464, ""value"": ""0"" }, ""_x-ms-pagefilter"": { ""id"": 2110000001, ""value"": ""\u0027No.\u0027 IS \u002730000\u0027 AND \u0027Date Filter\u0027 IS \u0027\u0027\u0027\u0027\u0027..06/04/25\u0027"" } } } ], ""Customer Entry Statistics"": [ { ""metadata"": { ""objectId"": 302, ""objectType"": ""Page"" }, ""fields"": { ""$systemId"": { ""id"": 2000000000, ""value"": ""9a1dea95-48dd-ef11-9344-6045bdc89db2"" }, ""Date - Payment"": { ""id"": 583124418, ""value"": ""2025-02-08"" }, ""Date - Invoice"": { ""id"": 620820869, ""value"": ""2025-01-21"" }, ""Date - Credit Memo"": { ""id"": 963812916, ""value"": ""0001-01-01"" }, ""Date - Reminder"": { ""id"": 1194866074, ""value"": ""0001-01-01"" }, ""Date - Finance Charge Memo"": { ""id"": 630414611, ""value"": ""0001-01-01"" }, ""Date - Refund"": { ""id"": 1323397985, ""value"": ""0001-01-01"" }, ""Document No. - Document No."": { ""id"": 697876509, ""value"": """" }, ""Currency Code - Currency Code"": { ""id"": 837101969, ""value"": """" }, ""Amount - Amount"": { ""id"": 1282885479, ""value"": ""0"" }, ""Remaining Amount - Remaining Amount"": { ""id"": 257668757, ""value"": ""0"" }, ""This Period - CustDateName[1]"": { ""id"": 1446889431, ""value"": ""June      "" }, ""This Period - Payments"": { ""id"": 2125577564, ""value"": ""0"" }, ""This Period - Invoices"": { ""id"": 1162130769, ""value"": ""0"" }, ""This Period - Credit Memos"": { ""id"": 1568520670, ""value"": ""0"" }, ""This Period - Reminder"": { ""id"": 1911442984, ""value"": ""0"" }, ""This Period - Finance Charge Memos"": { ""id"": 1769173993, ""value"": ""0"" }, ""This Period - Refund"": { ""id"": 883395669, ""value"": ""0"" }, ""This Period - Avg. Collection Period (Days)"": { ""id"": 1997268964, ""value"": ""0"" }, ""This Period - Largest Balance (LCY)"": { ""id"": 1201036655, ""value"": ""32644.3"" }, ""This Year - Payments"": { ""id"": 1115704391, ""value"": ""2"" }, ""This Year - Invoices"": { ""id"": 129233780, ""value"": ""2"" }, ""This Year - Credit Memos"": { ""id"": 1672761285, ""value"": ""0"" }, ""This Year - Reminder"": { ""id"": 1415227843, ""value"": ""0"" }, ""This Year - Finance Charge Memos"": { ""id"": 149088014, ""value"": ""0"" }, ""This Year - Refund"": { ""id"": 407968880, ""value"": ""0"" }, ""This Year - Avg. Collection Period (Days)"": { ""id"": 214857202, ""value"": ""18"" }, ""This Year - Largest Balance"": { ""id"": 193777692, ""value"": ""34919.8"" }, ""Last Year - Payments"": { ""id"": 923083246, ""value"": ""6"" }, ""Last Year - Invoices"": { ""id"": 865789821, ""value"": ""12"" }, ""Last Year - Credit Memos"": { ""id"": 677737684, ""value"": ""0"" }, ""Last Year - Reminder"": { ""id"": 1222606698, ""value"": ""0"" }, ""Last Year - Finance Charge Memos"": { ""id"": 608256379, ""value"": ""0"" }, ""Last Year - Refund"": { ""id"": 1123736569, ""value"": ""0"" }, ""Last Year - Avg. Collection Period (Days)"": { ""id"": 301115774, ""value"": ""0"" }, ""Last Year - Largest Balance"": { ""id"": 420572627, ""value"": ""32644.3"" }, ""Remaining Amt. (LCY) - Remaining Amt. (LCY)"": { ""id"": 2050961320, ""value"": ""0"" }, ""_x-ms-pagefilter"": { ""id"": 2110000001, ""value"": ""\u0027No.\u0027 IS \u002730000\u0027"" } } } ] } }";"{""IsTenantAdmin"":false,""IsDelegatedHelpdesk"":false,""IsSuperInCurrentCompany"":false,""IsDefaultSuper"":false,""IsSuper"":false,""IsAdmin"":false,""WorkDate"":""2024-05-28T00:00:00"",""UserLanguage"":null,""UserCultureInfoSettings"":{""CultureShortName"":""en-US"",""CultureFullName"":null,""DateFormat"":""mm/dd/yyyy"",""TimeFormat"":null,""DefaultCurrencyCode"":null,""DefaultCurrencySymbol"":""$""},""UserProfileSettings"":{""ProfileId"":""10"",""ProfileCaption"":"" Sales Order Processor"",""ProfileDescription"":"" Handles customer sales orders, invoicing, and related tasks.""}}";"[{""Value"":""222241.32"",""SourceId"":234,""Score"":""very high"",""Description"":""A balance due of 222241.32 LCY indicates the total amount that is currently outstanding from the customer."",""Source"":""Balance Due (LCY)"",""SourceContext"":null},{""Value"":""222241.32"",""SourceId"":235,""Score"":""high"",""Description"":""The total balance of 222241.32 LCY reflects the overall amount owed by the customer, including any overdue payments."",""Source"":""Balance (LCY)"",""SourceContext"":null},{""Value"":""0"",""SourceId"":233,""Score"":""medium"",""Description"":""The credit limit is set to 0 LCY, indicating that no credit limit has been defined for this customer, allowing unlimited credit."",""Source"":""Credit Limit (LCY)"",""SourceContext"":null},{""Value"":"" "",""SourceId"":232,""Score"":""medium"",""Description"":""The customer is not blocked, allowing for continued business transactions without restrictions."",""Source"":""Blocked"",""SourceContext"":null},{""Value"":""0"",""SourceId"":145,""Score"":""high"",""Description"":""Year-to-date sales amount to 0 LCY, indicating no sales have been recorded for this customer in the current year."",""Source"":""YTD Sales"",""SourceContext"":null},{""Value"":""0"",""SourceId"":143,""Score"":""high"",""Description"":""There are currently 0 opportunities recorded for this customer, suggesting a lack of active sales prospects."",""Source"":""Opportunities"",""SourceContext"":null},{""Value"":""5885.6"",""SourceId"":124,""Score"":""high"",""Description"":""Outstanding invoices total 5885.6 LCY, representing amounts that have not yet been paid by the customer."",""Source"":""Outstanding Invoices (LCY)"",""SourceContext"":null},{""Value"":""32644.3"",""SourceId"":127,""Score"":""medium"",""Description"":""The customer has a balance of 32644.3 LCY in the customer statistics, indicating additional financial obligations."",""Source"":""Balance (LCY)"",""SourceContext"":null},{""Value"":""0"",""SourceId"":159,""Score"":""medium"",""Description"":""The average collection period is currently 0 days, indicating no historical data on how long it takes to collect payments from this customer."",""Source"":""Average Collection Period (Days)"",""SourceContext"":null},{""Value"":""0"",""SourceId"":160,""Score"":""very high"",""Description"":""Payments this year total 0, indicating that no payments have been received from this customer in the current year."",""Source"":""Payments This Year"",""SourceContext"":null},{""Value"":""2025-02-08"",""SourceId"":37,""Score"":""high"",""Description"":""The next payment is due on 2025-02-08, indicating an upcoming financial obligation for the customer."",""Source"":""Date - Payment"",""SourceContext"":null},{""Value"":""2025-01-21"",""SourceId"":36,""Score"":""medium"",""Description"":""The last invoice date is recorded as 2025-01-21, indicating the most recent transaction with the customer."",""Source"":""Date - Invoice"",""SourceContext"":null}]";"To evaluate the statement, we need to determine if the AI response indicates that the customer has a high outstanding balance and if this is reflected in the insights and their assigned scores.

1. **Outstanding Balance**:
   - The AI response mentions two different balances:
     - **Balance Due (LCY)**: 222241.32 LCY with a ""very high"" score.
     - **Balance (LCY)**: 222241.32 LCY with a ""high"" score.
     - **Balance (LCY)**: 32644.3 LCY with a ""medium"" score.

2. **Assigned Scores**:
   - The balance due of 222241.32 LCY is given a ""very high"" score and a ""high"" score, indicating significant importance.
   - The balance of 32644.3 LCY is given a ""medium"" score, which is less significant compared to the other balances.

3. **Insights Selected**:
   - The insights selected include multiple entries about the customer's balance, with the highest balance (222241.32 LCY) being highlighted with high importance scores (""very high"" and ""high"").

Based on the AI response, the insights do reflect that the customer has a high outstanding balance, and this is emphasized by the high scores assigned to the relevant entries.

";True
This Item has a low inventory;"{""currentPageName"":""Item Card"", ""fields"": { ""$systemId"": { ""id"": 2000000000, ""value"": ""03abebd0-d1b6-ef11-b8eb-6045bdaca6fb"" }, ""Description"": { ""id"": 358293120, ""value"": ""Saddle"" }, ""Blocked"": { ""id"": 198808046, ""value"": ""False"" }, ""Type"": { ""id"": 1530141010, ""value"": ""Inventory"" }, ""Base Unit of Measure"": { ""id"": 92581276, ""value"": ""PCS"" }, ""Last Date Modified"": { ""id"": 588996825, ""value"": ""2024-12-10"" }, ""GTIN"": { ""id"": 1905786702, ""value"": """" }, ""Item Category Code"": { ""id"": 1250035050, ""value"": """" }, ""Service Item Group"": { ""id"": 1179092777, ""value"": """" }, ""Automatic Ext. Texts"": { ""id"": 1933520234, ""value"": ""False"" }, ""Common Item No."": { ""id"": 1078339215, ""value"": """" }, ""Purchasing Code"": { ""id"": 2139441987, ""value"": """" }, ""Shelf No."": { ""id"": 1934658189, ""value"": ""A16"" }, ""Created From Catalog Item"": { ""id"": 1870322754, ""value"": ""False"" }, ""Search Description"": { ""id"": 398129994, ""value"": ""SADDLE"" }, ""Inventory"": { ""id"": 606441672, ""value"": ""-40"" }, ""Qty. on Purch. Order"": { ""id"": 1937926249, ""value"": ""0"" }, ""Qty. on Prod. Order"": { ""id"": 147080404, ""value"": ""0"" }, ""Qty. on Component Lines"": { ""id"": 2101939615, ""value"": ""31"" }, ""Qty. on Sales Order"": { ""id"": 566500341, ""value"": ""0"" }, ""Qty. on Service Order"": { ""id"": 2081116614, ""value"": ""0"" }, ""Qty. on Job Order"": { ""id"": 1533626972, ""value"": ""0"" }, ""Qty. on Assembly Order"": { ""id"": 500900813, ""value"": ""0"" }, ""Qty. on Asm. Component"": { ""id"": 718725275, ""value"": ""0"" }, ""Stockout Warning"": { ""id"": 1197143040, ""value"": ""Default"" }, ""Prevent Negative Inventory"": { ""id"": 821644180, ""value"": ""Default"" }, ""Net Weight"": { ""id"": 1693718929, ""value"": ""0"" }, ""Gross Weight"": { ""id"": 33888540, ""value"": ""0"" }, ""Unit Volume"": { ""id"": 27987568, ""value"": ""0"" }, ""Over-Receipt Code"": { ""id"": 581565284, ""value"": """" }, ""Costing Method"": { ""id"": 608724094, ""value"": ""Standard"" }, ""Standard Cost"": { ""id"": 2015376658, ""value"": ""7.2"" }, ""Unit Cost"": { ""id"": 1599836909, ""value"": ""7.2"" }, ""Indirect Cost %"": { ""id"": 1983943214, ""value"": ""0"" }, ""Last Direct Cost"": { ""id"": 1067115838, ""value"": ""7.2"" }, ""Net Invoiced Qty."": { ""id"": 1872762010, ""value"": ""152"" }, ""Cost is Adjusted"": { ""id"": 754032781, ""value"": ""False"" }, ""Cost is Posted to G/L"": { ""id"": 242475433, ""value"": ""False"" }, ""Purchase Prices & Discounts"": { ""id"": 1604797088, ""value"": ""Create New..."" }, ""Gen. Prod. Posting Group"": { ""id"": 10251308, ""value"": ""RAW MAT"" }, ""VAT Prod. Posting Group"": { ""id"": 27323429, ""value"": ""VAT25"" }, ""Tax Group Code"": { ""id"": 1334262649, ""value"": """" }, ""Inventory Posting Group"": { ""id"": 1312825973, ""value"": ""RAW MAT"" }, ""Default Deferral Template"": { ""id"": 1120192665, ""value"": """" }, ""Tariff No."": { ""id"": 528341735, ""value"": """" }, ""Country/Region of Origin Code"": { ""id"": 191019785, ""value"": """" }, ""Unit Price"": { ""id"": 676607987, ""value"": ""0"" }, ""CalcUnitPriceExclVAT"": { ""id"": 1203176439, ""value"": ""0"" }, ""Price Includes VAT"": { ""id"": 1135394487, ""value"": ""False"" }, ""Price/Profit Calculation"": { ""id"": 1310011099, ""value"": ""Profit=Price-Cost"" }, ""Profit %"": { ""id"": 1014427795, ""value"": ""0"" }, ""Sales Prices & Discounts"": { ""id"": 2041293788, ""value"": ""View Existing Prices and Discounts..."" }, ""Allow Invoice Disc."": { ""id"": 1661513779, ""value"": ""True"" }, ""Item Disc. Group"": { ""id"": 815107905, ""value"": ""RAW MAT"" }, ""Sales Unit of Measure"": { ""id"": 1134701639, ""value"": ""PCS"" }, ""Sales Blocked"": { ""id"": 1480603482, ""value"": ""False"" }, ""VAT Bus. Posting Gr. (Price)"": { ""id"": 2034834000, ""value"": """" }, ""Replenishment System"": { ""id"": 323263605, ""value"": ""Purchase"" }, ""Lead Time Calculation"": { ""id"": 1634867394, ""value"": """" }, ""Vendor No."": { ""id"": 645958779, ""value"": ""01587796"" }, ""Vendor Item No."": { ""id"": 914952264, ""value"": ""T5555-FF"" }, ""Purch. Unit of Measure"": { ""id"": 968981699, ""value"": ""PCS"" }, ""Purchasing Blocked"": { ""id"": 204124168, ""value"": ""False"" }, ""Manufacturing Policy"": { ""id"": 1809744922, ""value"": ""Make-to-Stock"" }, ""Routing No."": { ""id"": 1120649277, ""value"": """" }, ""Production BOM No."": { ""id"": 1153837070, ""value"": """" }, ""Rounding Precision"": { ""id"": 1179959282, ""value"": ""0.00100000000000000000"" }, ""Flushing Method"": { ""id"": 117945139, ""value"": ""Manual"" }, ""Overhead Rate"": { ""id"": 2026526678, ""value"": ""0"" }, ""Scrap %"": { ""id"": 973704992, ""value"": ""0"" }, ""Lot Size"": { ""id"": 246186396, ""value"": ""10"" }, ""Assembly Policy"": { ""id"": 1129323384, ""value"": ""Assemble-to-Stock"" }, ""Assembly BOM"": { ""id"": 952305784, ""value"": ""False"" }, ""Reordering Policy"": { ""id"": 178803967, ""value"": ""Fixed Reorder Qty."" }, ""Reserve"": { ""id"": 1257906982, ""value"": ""Optional"" }, ""Order Tracking Policy"": { ""id"": 2026102297, ""value"": ""None"" }, ""Stockkeeping Unit Exists"": { ""id"": 1543903309, ""value"": ""False"" }, ""Dampener Period"": { ""id"": 871694561, ""value"": """" }, ""Dampener Quantity"": { ""id"": 337426681, ""value"": ""0"" }, ""Critical"": { ""id"": 851416725, ""value"": ""False"" }, ""Safety Lead Time"": { ""id"": 569679299, ""value"": """" }, ""Safety Stock Quantity"": { ""id"": 24343017, ""value"": ""0"" }, ""Include Inventory"": { ""id"": 2051796680, ""value"": ""True"" }, ""Lot Accumulation Period"": { ""id"": 96601849, ""value"": """" }, ""Rescheduling Period"": { ""id"": 894926996, ""value"": """" }, ""Reorder Point"": { ""id"": 165647331, ""value"": ""100"" }, ""Reorder Quantity"": { ""id"": 244394172, ""value"": ""100"" }, ""Maximum Inventory"": { ""id"": 592226780, ""value"": ""0"" }, ""Overflow Level"": { ""id"": 1696272588, ""value"": ""0"" }, ""Time Bucket"": { ""id"": 349283595, ""value"": ""1M"" }, ""Minimum Order Quantity"": { ""id"": 2089265709, ""value"": ""0"" }, ""Maximum Order Quantity"": { ""id"": 374723437, ""value"": ""0"" }, ""Order Multiple"": { ""id"": 494913040, ""value"": ""0"" }, ""Item Tracking Code"": { ""id"": 872100199, ""value"": """" }, ""Serial Nos."": { ""id"": 1139643490, ""value"": """" }, ""Lot Nos."": { ""id"": 453298285, ""value"": """" }, ""Expiration Calculation"": { ""id"": 1223555940, ""value"": """" }, ""Warehouse Class Code"": { ""id"": 145198952, ""value"": """" }, ""Special Equipment Code"": { ""id"": 1331056680, ""value"": """" }, ""Put-away Template Code"": { ""id"": 1655645711, ""value"": """" }, ""Put-away Unit of Measure Code"": { ""id"": 838155894, ""value"": """" }, ""Phys Invt Counting Period Code"": { ""id"": 1052237910, ""value"": """" }, ""Last Phys. Invt. Date"": { ""id"": 1763876433, ""value"": ""2025-12-31"" }, ""Last Counting Period Update"": { ""id"": 967318957, ""value"": ""0001-01-01"" }, ""Next Counting Start Date"": { ""id"": 260893202, ""value"": ""0001-01-01"" }, ""Next Counting End Date"": { ""id"": 1624043585, ""value"": ""0001-01-01"" }, ""Identifier Code"": { ""id"": 1514030352, ""value"": """" }, ""Use Cross-Docking"": { ""id"": 722697787, ""value"": ""True"" } }, ""relatedPages"": { ""Item Entry Statistics"": [ { ""metadata"": { ""objectId"": 304, ""objectType"": ""Page"" }, ""fields"": { ""$systemId"": { ""id"": 2000000000, ""value"": ""e007ed8f-48dd-ef11-9344-6045bdc89db2"" }, ""Date - Receipt"": { ""id"": 787727352, ""value"": ""2024-03-11"" }, ""Date - Purchases"": { ""id"": 195322120, ""value"": ""2024-03-11"" }, ""Date - Positive Adjustment"": { ""id"": 706452530, ""value"": ""0001-01-01"" }, ""Date - Shipment"": { ""id"": 37574627, ""value"": ""2024-03-27"" }, ""Date - Sales"": { ""id"": 2035851379, ""value"": ""2024-03-27"" }, ""Date - Negative Adjustment"": { ""id"": 950966897, ""value"": ""0001-01-01"" }, ""Document No. - Document No."": { ""id"": 487216851, ""value"": """" }, ""Discount Amount - Amount"": { ""id"": 1992094477, ""value"": ""0"" }, ""Amount - Amount"": { ""id"": 621536116, ""value"": ""0"" }, ""Date - Next Receipt"": { ""id"": 869564799, ""value"": ""2025-04-06"" }, ""Date - Last Receipt"": { ""id"": 1030282750, ""value"": ""2025-04-06"" }, ""Date - Next Shipment"": { ""id"": 1690849791, ""value"": ""0001-01-01"" }, ""Date - Last Shipment"": { ""id"": 620014126, ""value"": ""0001-01-01"" }, ""Order No. - Order No."": { ""id"": 418982650, ""value"": """" }, ""Quantity - Quantity"": { ""id"": 1134109181, ""value"": ""0"" }, ""Unit Amount - Unit Amount"": { ""id"": 1874844093, ""value"": ""0"" }, ""Qty. on Order - Qty. on Order"": { ""id"": 1484524399, ""value"": ""0"" }, ""_x-ms-pagefilter"": { ""id"": 2110000001, ""value"": ""\u0027No.\u0027 IS \u00271896-S\u0027 AND \u0027Drop Shipment Filter\u0027 IS \u00270\u0027"" } } } ] } }";"{""IsTenantAdmin"":false,""IsDelegatedHelpdesk"":false,""IsSuperInCurrentCompany"":false,""IsDefaultSuper"":false,""IsSuper"":false,""IsAdmin"":false,""WorkDate"":""2024-05-28T00:00:00"",""UserLanguage"":null,""UserCultureInfoSettings"":{""CultureShortName"":""en-US"",""CultureFullName"":null,""DateFormat"":""mm/dd/yyyy"",""TimeFormat"":null,""DefaultCurrencyCode"":null,""DefaultCurrencySymbol"":""$""},""UserProfileSettings"":{""ProfileId"":""10"",""ProfileCaption"":"" Sales Order Processor"",""ProfileDescription"":"" Handles customer sales orders, invoicing, and related tasks""}}";"[{""Value"":""False"",""SourceId"":125,""Score"":""very high"",""Description"":""The item is not blocked, indicating it is available for sales and purchasing activities."",""Source"":""Blocked"",""SourceContext"":null},{""Value"":""-40"",""SourceId"":112,""Score"":""very high"",""Description"":""The current inventory level is -40, indicating a stockout situation for this item."",""Source"":""Inventory"",""SourceContext"":null},{""Value"":""100"",""SourceId"":41,""Score"":""high"",""Description"":""The reorder quantity is set to 100, indicating the amount to be ordered when stock reaches the reorder point."",""Source"":""Reorder Quantity"",""SourceContext"":null},{""Value"":""100"",""SourceId"":42,""Score"":""high"",""Description"":""The reorder point is set at 100, indicating the inventory level at which new stock should be ordered."",""Source"":""Reorder Point"",""SourceContext"":null},{""Value"":""7.2"",""SourceId"":96,""Score"":""medium"",""Description"":""The standard cost of the item is 7.2 LCY, which is important for pricing and profitability analysis."",""Source"":""Standard Cost"",""SourceContext"":null},{""Value"":""7.2"",""SourceId"":95,""Score"":""medium"",""Description"":""The unit cost of the item is 7.2 LCY, which reflects the cost incurred for each unit sold."",""Source"":""Unit Cost"",""SourceContext"":null},{""Value"":""152"",""SourceId"":92,""Score"":""medium"",""Description"":""The net invoiced quantity is 152, indicating the total quantity invoiced to customers for this item."",""Source"":""Net Invoiced Qty."",""SourceContext"":null},{""Value"":""PCS"",""SourceId"":73,""Score"":""medium"",""Description"":""The sales unit of measure is PCS, indicating that sales are tracked in pieces."",""Source"":""Sales Unit of Measure"",""SourceContext"":null},{""Value"":""Purchase"",""SourceId"":70,""Score"":""medium"",""Description"":""The replenishment system is set to Purchase, indicating that stock is replenished through purchasing."",""Source"":""Replenishment System"",""SourceContext"":null},{""Value"":""0"",""SourceId"":81,""Score"":""very high"",""Description"":""The unit price is currently set to 0, indicating that no sales price has been established for this item."",""Source"":""Unit Price"",""SourceContext"":null},{""Value"":""0"",""SourceId"":108,""Score"":""medium"",""Description"":""The quantity on sales order is 0, indicating that there are no current sales orders for this item."",""Source"":""Qty. on Sales Order"",""SourceContext"":null},{""Value"":""0"",""SourceId"":111,""Score"":""medium"",""Description"":""The quantity on purchase order is 0, indicating that there are no current purchase orders for this item."",""Source"":""Qty. on Purch. Order"",""SourceContext"":null},{""Value"":""0"",""SourceId"":46,""Score"":""high"",""Description"":""The safety stock quantity is set to 0, indicating no buffer stock is maintained for this item."",""Source"":""Safety Stock Quantity"",""SourceContext"":null},{""Value"":"""",""SourceId"":47,""Score"":""medium"",""Description"":""The safety lead time is not defined, which may affect inventory planning and order fulfillment."",""Source"":""Safety Lead Time"",""SourceContext"":null}]";"To evaluate the statement, we need to determine if the AI response aligns with the focus that the item has a low inventory and if this is reflected in the insights selected and their assigned scores.

1. **Low Inventory Insight**:
   - **Inventory Level**: The response indicates that the current inventory level is -40, which is a clear indication of a stockout situation. This insight is assigned a ""very high"" score.
   - **Reorder Point**: The reorder point is set at 100, which is the level at which new stock should be ordered. This insight is assigned a ""high"" score.
   - **Reorder Quantity**: The reorder quantity is set to 100, indicating the amount to be ordered when stock reaches the reorder point. This insight is assigned a ""high"" score.
   - **Safety Stock Quantity**: The safety stock quantity is set to 0, indicating no buffer stock is maintained for this item. This insight is assigned a ""high"" score.

2. **Other Relevant Insights**:
   - **Blocked Status**: The item is not blocked, indicating it is available for sales and purchasing activities. This insight is assigned a ""very high"" score.
   - **Unit Price**: The unit price is currently set to 0, indicating that no sales price has been established for this item. This insight is assigned a ""very high"" score.
   - **Quantity on Sales Order**: The quantity on sales order is 0, indicating that there are no current sales orders for this item. This insight is assigned a ""medium"" score.
   - **Quantity on Purchase Order**: The quantity on purchase order is 0, indicating that there are no current purchase orders for this item. This insight is assigned a ""medium"" score.

The insights related to the low inventory situation (inventory level, reorder point, reorder quantity, and safety stock quantity) are indeed selected and have high or very high scores, reflecting their importance. Additionally, other insights that could impact inventory management (blocked status, unit price, quantities on sales and purchase orders) are also included and appropriately scored.

Therefore, the generated insights do align with the expected focus on the low inventory situation, and their assigned scores reflect their relevance.

";True
